,LR_multiclass,KNN_multiclass,SVM_multiclass,LDA_multiclass,Ensemble_multiclass,Ensemble2_multiclass,LR_binary,KNN_binary,SVM_binary,LDA_binary,Ensemble_binary,Ensemble2_binary
Mean,0.6264968152866242,0.5749044585987262,0.6264968152866242,0.5305095541401276,0.6264968152866242,0.6264968152866242,0.6256050955414012,0.5977707006369426,0.6212738853503184,0.6005732484076434,0.6245222929936305,0.6212101910828025
STD,0.033090627899040055,0.032297704401440405,0.033090627899040055,0.03314911840878985,0.033090627899040055,0.033090627899040055,0.035332582915394734,0.03390037260995574,0.03468174799460395,0.032192963077019854,0.03463439855912433,0.03469385298034933
Max,0.7070063694267515,0.6815286624203821,0.7070063694267515,0.5987261146496815,0.7070063694267515,0.7070063694267515,0.7070063694267515,0.7006369426751592,0.7070063694267515,0.6878980891719745,0.7070063694267515,0.7070063694267515
Min,0.554140127388535,0.4968152866242038,0.554140127388535,0.4394904458598726,0.554140127388535,0.554140127388535,0.5477707006369427,0.5159235668789809,0.5477707006369427,0.535031847133758,0.5477707006369427,0.5477707006369427
